REF_AREA_LABEL,Poverty headcount ratio at $2.15 a day (2017 PPP) (% of population),Prevalence of undernourishment (% of population),"Life expectancy at birth, total (years)","School enrollment, secondary (% gross)",Proportion of seats held by women in national parliaments (%),People using at least basic drinking water services (% of population),Access to electricity (% of population),GDP per capita (constant 2015 US$),Individuals using the Internet (% of population),Gini index,Urban population (% of total population),Combustible renewables and waste (% of total energy),Carbon dioxide (CO2) emissions (total) excluding LULUCF (Mt CO2e),Terrestrial and marine protected areas (% of total territorial area),Forest area (% of land area),Control of Corruption: Estimate,"Personal remittances, received (% of GDP)"
Afghanistan,74.85,27.040000000000003,62.574400000000004,57.0392990112305,27.300370174510864,76.65105777391591,94.36,485.022544338633,17.020000000000003,42.32000000000001,26.040999999999997,71.7725358745325,7.68518,2.2,1.8527819940818417,-1.350299406051636,3.452613353572918
Albania,0.5333333333333333,4.34,78.4284,97.75089874267577,31.660421545667457,94.88774678625875,100.0,4702.593150952894,73.62,29.866666666666664,62.0856,11.953787487567542,4.89364,14.059999999999999,28.791970802919714,-0.5338402330875395,9.451340651180157
Algeria,1.3686666666666667,2.5,75.1662,105.932548522949,18.697788697788724,94.40147686941184,99.72,4550.9133539963495,63.06,31.155333333333335,73.7168,0.019617435815742122,178.95292,5.4799999999999995,0.8182623047594177,-0.6511805891990662,0.9383875845649639
Andorra,0.4096666666666667,9.772000000000002,82.821,96.41033630371093,43.57142857142854,99.99999817695075,100.0,37966.89712292872,93.075,31.07266666666667,87.9262,22.557427279567865,314.15516399999996,26.78,34.04255319148936,1.234108567237854,1.0443419775524523
Angola,39.3,19.900000000000002,63.1986,52.5437698364258,30.72727272727272,57.16176207601002,46.92,2528.2065526619563,35.839999999999996,51.3,66.8114,49.617075465402024,25.431759999999997,5.0,53.42695025266704,-0.8902029514312737,0.01117183276419258
Antigua and Barbuda,0.42400000000000004,11.292000000000002,77.2282,120.935958862305,11.1111111111111,98.36500519926877,100.0,17011.98128778509,75.06,32.292,24.452800000000003,29.172228634223114,0.30456,0.36,18.451999999999998,0.2515503197908402,2.2728515591449576
Argentina,1.6400000000000001,3.38,75.84979999999999,112.92130432128901,41.88363614081317,86.89891310462683,100.0,12577.97030333731,83.74000000000001,42.160000000000004,92.10959999999999,4.553314620832507,185.47794000000002,9.0,10.440633677910176,-0.24795573651790614,0.14908720057552677
Armenia,2.16,2.5,74.45219512195123,94.25019073486325,26.844762713921604,99.94154308580984,99.97999999999999,4291.837438532645,73.36,29.060000000000002,63.33699999999999,3.5688828583641965,6.81746,24.14,11.537407797681771,-0.1126584903802722,11.057159075388874
Australia,0.5,2.5,83.06975609756098,137.2913360595704,31.826048565121418,99.9698143694465,100.0,59174.9250323034,94.46000000000001,34.3,86.2454,3.724522126629965,393.82838000000004,30.839999999999996,17.42131455716444,1.732052993774414,0.09699352299237955
Austria,0.6,2.5,81.45317073170732,101.53849029541001,38.90710382513664,99.99999905446705,100.0,45699.042194504946,89.78,30.48,58.76220000000001,19.440366781231283,65.14376,28.939999999999998,47.15676199709161,1.4137870073318481,0.668681062741579
Azerbaijan,3.7880000000000003,2.5,72.3484,98.04399719238286,17.4954492210107,96.31641912969971,100.0,5329.110062408816,83.9,35.72,56.41080000000001,0.6709258139361267,36.80172,5.5,13.693391911842886,-0.9339578628540052,3.2664161150645064
"Bahamas, The",0.47400000000000003,9.676000000000002,72.7414,62.6166610717773,14.871794871794838,98.8869604973405,100.0,29749.50440401837,91.02000000000001,33.049,83.2518,22.50776144074953,1.58776,8.6,50.93506493506494,1.142689394950868,0.26949077137141325
Bahrain,0.344,9.940000000000001,79.7282,101.64904785156267,16.0,99.92106201236855,100.0,24368.313234096808,99.6,29.976,89.5104,23.071088619711567,36.2161,5.46,0.8919889863367547,-0.004658447951078515,0.0
Bangladesh,8.0,12.100000000000001,72.3072,69.15423512499197,20.70945558739258,97.92026136711856,94.74000000000001,1627.5108161614378,34.519999999999996,33.4,38.1742,17.010874427082523,111.35535999999999,4.9,14.468771606360912,-1.0020002603530878,5.179330363505903
Barbados,0.5279999999999999,3.2600000000000002,76.3552,106.12170410156241,21.33333333333334,98.51245013483022,100.0,17853.124171119747,75.97999999999999,33.132,31.2132,33.3094053029556,0.7523800000000002,0.0,14.65116279069768,1.244444584846494,1.5216652034058777
Belarus,0.0,2.5,73.34316585365855,95.03540039062497,38.9090909090909,98.7568685977344,99.86,6269.997382956399,84.67999999999999,24.96666666666667,79.47160000000001,6.4967637780114345,59.7127,11.16,43.19589290369586,-0.22420816197991375,1.98578820443594
Belgium,0.06000000000000001,2.5,81.5648780487805,150.1908477783202,41.2,99.99999925269432,100.0,42740.503514460965,91.44,26.68,98.07820000000001,7.246250807808863,95.64758,20.78,22.604595036322397,1.454869723320008,2.3637570237735916
Belize,1.0,4.540000000000001,71.9172,87.07502288818361,10.685483870967742,98.4021081150178,95.5,5742.746890584008,63.86,39.9,46.0424,21.099918507569505,0.24828,20.9,55.986409469530905,-0.224235314130783,4.918104960219587
Benin,32.2,10.88,59.96740000000001,45.727667490641295,7.505577867023651,66.89959458572375,43.7,1141.441114743784,23.96,36.15,48.4188,55.35500946718562,7.585120000000001,23.5,27.80374246186591,-0.20427428334951397,1.3896437299597895
Bhutan,0.0,9.896,72.2342,89.44065831689824,15.818686401480118,98.97549346210945,100.0,3283.1994209410136,77.3,28.5,42.3034,19.4827936559234,1.85858,49.019999999999996,71.44939695857369,1.560531258583068,2.7355277505681173
Bolivia,3.6799999999999997,17.84,65.45720000000001,90.60856018066406,48.92307692307696,93.08175379277168,96.71999999999998,3148.045339935347,57.02,41.980000000000004,70.12519999999998,12.161820177429872,21.402139999999996,30.9,46.92291658820271,-0.8176663994789125,3.3222219353344435
Bosnia and Herzegovina,4.416,2.5,76.54400000000001,85.49582061767579,22.38095238095238,96.11361371629357,100.0,5751.347308944572,73.53999999999999,40.434000000000005,49.0314,17.509071453706234,22.972299999999997,2.9,42.7326171875,-0.6493849635124208,10.594155509213092
Botswana,4.339,23.22,66.6466,70.0183868408203,10.588522588522604,92.18174571568758,71.96,6821.064797220944,68.84,37.843333333333334,70.8558,27.1601440331141,7.102079999999999,29.1,26.917050447302948,0.6684621334075928,0.30800820766978043
Brazil,5.82,3.3,74.7716,105.1538879394532,15.516569200779742,99.22381377041657,99.74,8752.020504484579,77.36,52.24000000000001,87.0676,32.08162306236779,474.24482,29.119999999999997,59.41649431332809,-0.4767005741596222,0.21330481394143358
Brunei Darussalam,0.47400000000000003,9.676000000000002,74.5882,89.12087556872879,9.09090909090909,99.9000472813679,100.0,29403.550650505116,96.58,33.049,78.2458,22.50776144074953,8.946359999999999,9.0,72.10626185958255,1.0336780428886427,0.0037677318059602
Bulgaria,1.22,2.7800000000000002,73.7609756097561,100.68732757568348,24.83333333333334,99.11743449834152,99.48,8815.414857440772,71.46000000000001,39.86,75.6858,10.493522327148506,45.230140000000006,32.08,35.86035372144436,-0.2216256499290466,2.764400404833831
Burkina Faso,44.900000000000006,14.9,60.2712,38.307701873779294,10.781856493290439,49.108700949376384,17.8,722.0384341543958,11.154,40.2,30.612399999999997,73.23371328560374,5.616840000000001,15.8,22.72076023391813,-0.1334891557693481,2.8847876015686538
Burundi,74.2,27.032000000000004,62.3076,45.8178342183431,37.47228381374722,62.105120133201126,9.779999999999998,258.4220770660391,8.254,37.5,13.7162,56.74312697168496,0.82484,7.6,10.88940809968847,-1.531297779083252,4.362737179501307
Cabo Verde,2.9999999999999996,13.52,74.88759999999999,85.28755950927734,30.0,89.0852342927678,93.58,3738.9882999144356,66.78,34.00500000000001,66.64520000000002,33.51113995803867,0.96176,0.0,11.344913151364763,0.8857589840888982,12.479007703205673
Cambodia,16.28666666666667,4.840000000000001,70.00160000000001,55.0428928604304,20.479999999999997,76.21134952748817,85.18,1950.2555327942348,55.925,32.2,24.2414,37.791354518100675,15.784560000000003,27.32,45.70796510310446,-1.278446173667906,6.485541220862345
Cameroon,26.7,5.94,61.6294,45.2653219884131,32.777777777777786,68.48893119420573,65.22,1453.618899336538,38.239999999999995,42.2,57.5566,70.79097605073204,10.43774,10.84,43.02951069365996,-1.1531327247619623,0.9549638400194418
Canada,0.20000000000000004,2.5,81.65395121951221,110.06757507324221,29.176203805406935,99.222253691155,100.0,44538.1287167536,93.34,31.366666666666664,81.572,4.218165536779212,580.90602,9.4,39.00699210910792,1.6721319198608398,0.05610181289927789
Central African Republic,71.6,22.16,38.704,39.3133055890436,10.285714285714302,37.42692835902027,15.14,398.1232264201741,6.305,43.0,42.22,71.77253587453251,0.305,18.1,35.80050723939773,-1.25104901790619,0.0
Chad,40.7,31.639999999999997,53.237199999999994,21.948323567708332,20.742735564749097,51.07914047380374,10.48,898.5486564042661,9.708,37.45,23.5404,81.39225306816257,2.2929,20.759999999999998,3.424837627064803,-1.4464426279068001,0.0
Chile,1.1,2.6399999999999997,79.65679999999999,104.80247192382839,27.741935483870936,99.99999965926452,100.0,13681.448949055857,88.22,45.0,87.7326,20.10980312094663,90.07950000000001,35.62,24.492158131728022,0.993532288074493,0.024791538188400842
China,0.2,2.5,77.9974,97.79137756347652,24.93280694828264,96.05251305178658,100.0,10805.78887232035,68.42,37.375,61.39200000000001,3.5026880757904615,12118.77666,14.7,23.431322903940153,-0.12483869716525087,0.13785566302938096
Colombia,10.040000000000001,4.279999999999999,75.467,101.6847824096678,20.577167057757677,97.12092544809315,99.52000000000001,6399.872076388859,68.94,53.019999999999996,81.41940000000001,12.503171587387294,85.05616,16.42,53.30501227579991,-0.3209173917770388,2.4399228377477784
Comoros,35.260000000000005,14.6,65.7002,62.8695006782177,12.424242424242443,80.1992443478251,85.54,1456.4988169862854,25.575,42.65,29.397199999999998,51.632385533919795,0.31782,0.45999999999999996,17.68941429339065,-1.134964513778686,18.264534883631704
"Congo, Dem. Rep.",85.3,34.760000000000005,60.32379999999999,56.8860206604004,11.468617886178862,35.49100874082929,20.04,483.90296886544473,21.54,44.7,45.6432,93.32661256727127,3.4635399999999996,13.8,55.64731209280783,-1.5561213254928599,3.538072077320963
"Congo, Rep.",17.240000000000002,28.120000000000005,64.2414,65.6208031967423,11.92052980132454,73.68988088277935,48.74,1781.7540391942428,31.866666666666664,32.05,67.8274,49.807221142249745,7.139099999999999,34.7,64.26354319180088,-1.4053217411041259,0.17446911556878522
Costa Rica,2.24,2.5,79.49539999999999,135.1506500244142,45.96491228070176,99.80349637427878,99.86,12926.447911440398,80.1,48.260000000000005,80.7308,8.87453874099764,7.989839999999999,9.22,59.4373286329808,0.5451144635677337,0.873052489713093
Cote d'Ivoire,21.799999999999997,9.440000000000001,60.4122,53.651586151123055,12.2575266327003,72.64226768975585,69.74,2107.016532991279,36.84,36.25,51.713,59.86666132223591,13.578100000000001,14.9,8.920475220125788,-0.475121033191681,0.7414200162919002
Croatia,0.4,2.5,77.53365853658536,105.42712402343741,26.622516556291384,85.80748585464109,100.0,14851.556522314897,79.22,29.4,57.5678,17.867518406862526,17.627339999999997,23.78,34.65072674105977,0.09233439564704896,7.090910097163478
Cuba,1.971,2.5,76.6152,101.32370910644518,53.29907201083124,94.3311572782512,99.85999999999999,7685.769260722713,67.53999999999999,37.766,77.20660000000001,16.2372472592164,23.00436,6.8,31.233140655105966,-0.02145328316837552,5.481683044326547
Cyprus,0.06000000000000001,2.5,81.04939999999999,101.8073150634764,16.785714285714302,99.76514863359269,100.0,29123.884765625,88.34,31.68,66.84060000000001,6.04609827285918,7.06382,8.059999999999999,18.67207792207792,0.46950234174728395,2.010508128147159
Czechia,0.02,2.5,78.52731707317074,101.21704559326164,23.5,99.88059830626388,100.0,20066.212671729216,82.02000000000001,25.72,74.07300000000001,11.317588368166344,101.12286,22.2,34.67980112667768,0.575400137901306,1.5260334014188026
Denmark,0.21999999999999997,2.5,81.34341463414636,130.2509796142576,39.88826815642456,99.99999930784459,100.0,57891.36861618352,97.72,28.2,88.1182,30.55795582772297,29.83814,17.859999999999996,15.710999999999999,2.250228023529052,0.37722635737109556
Djibouti,19.496000000000002,12.239999999999998,64.4112,67.37048831280192,26.1538461538462,76.05133655344426,64.4,2809.2923505689114,60.04,42.586,78.0702,36.484017112654385,0.74038,1.2,0.25002329594478,-0.7949586749076845,2.1186235811766236
Dominica,2.6310000000000002,12.559999999999999,70.973,87.69501304626465,30.625,85.75867640336062,99.9,8103.573165276459,78.775,41.398,71.0908,23.409170505701745,0.07574,0.62,63.82666666666667,0.540252733230591,6.730014957289072
Dominican Republic,1.1400000000000001,5.74,73.05420000000001,78.86987609863283,27.47368421052634,96.37400667225631,98.82000000000001,8074.933354914012,80.56,40.14,82.50059999999999,9.174160069318495,28.07122,19.1,44.464762639966395,-0.6902178287506104,9.467190785148553
Ecuador,5.480000000000001,13.040000000000001,75.1722,95.08668212890628,38.686131386861305,95.28291953688293,99.34,5862.552813536836,65.24,45.94,64.1808,3.4250545928074247,40.01204,16.080000000000002,50.32142857142857,-0.5735481381416323,3.4985135943682364
"Egypt, Arab Rep.",1.7,7.3,70.3926,82.47810173034667,22.51200285557934,98.76424783260151,100.0,3781.5713307757774,64.08,30.2,42.8092,3.5524321019561333,243.34487999999996,11.6,0.0451855944547692,-0.6730758070945739,7.838196660016129
El Salvador,4.35,6.859999999999999,71.0526,66.27573852539061,30.00000000000002,98.00413925594263,98.4,4120.2635170763915,55.239999999999995,38.8,73.4196,11.31108943567342,7.4612799999999995,2.1399999999999997,28.179536679536675,-0.5796341776847838,23.28886315802287
Equatorial Guinea,8.8,8.876000000000001,62.431,93.99785980224608,23.2,97.5141511869236,66.72,5836.890278439279,55.525000000000006,38.5,73.0882,5.17619841187688,4.445220000000001,1.8,87.28770053475937,-1.56723566055298,0.0
Eritrea,29.889999999999997,19.92,67.19879999999999,42.16160659366516,22.0,65.13366159956539,51.339999999999996,977.5744014406907,13.580000000000002,36.07000000000001,41.3498,78.46566451986273,0.67598,1.8,8.717107211739856,-1.32212550640106,2.8881503428101754
Estonia,0.45999999999999996,2.5,78.05463414634148,112.62747192382801,27.326732673267298,99.99008871234184,100.0,20574.64309656192,90.24000000000001,31.179999999999996,69.23679999999999,25.065736059163022,14.68902,19.94,57.043935933913886,1.5251786231994637,1.5860710733052885
Eswatini,3.01,12.02,59.935,86.2984539412549,9.436869865696545,71.44076913773313,79.24,3651.3070203551533,48.760000000000005,32.65500000000001,24.179199999999998,62.020982375724806,1.20746,4.28,28.927906976744186,-0.45465793609619143,2.6875274614905735
Ethiopia,38.6,21.5,65.83879999999999,45.41739322577649,40.06963274477012,48.660601919766336,50.7,794.8338756012587,16.175,31.1,21.7036,87.43178161710044,17.397640000000003,17.060000000000002,15.124016101992083,-0.43695396184921265,0.4395949609477673
Fiji,4.7,6.539999999999999,66.59,91.44794167332343,20.0,95.41840747352839,94.47999999999999,5200.689510375193,68.53999999999999,30.7,57.2428,18.351534937494023,1.9729400000000001,1.0,62.3984674329502,0.5667368054389956,7.19843799310334
Finland,0.04,2.5,81.74439024390244,145.9202697753906,45.3,99.9999995520405,100.0,45546.99730774808,91.3,27.54,85.5244,31.42278843081756,41.326080000000005,13.3,73.72907585985614,2.188167476654052,0.26136692406854384
France,0.08,2.5,82.42634146341464,104.23917694091801,39.112507221259406,99.99999949559454,100.0,37877.78714253458,84.28,31.4,80.9758,7.819254119582706,313.7179,35.480000000000004,31.509048373046095,1.23872125148773,1.1009139195361424
Gabon,3.832,19.26,67.24759999999999,69.28899414746175,16.0702446596918,86.29841239126603,91.26,6616.595137767338,63.620000000000005,39.85333333333334,90.0722,75.64074762890607,5.307779999999999,25.1,91.32068149183064,-0.9088152170181274,0.10486991930237885
"Gambia, The",22.0,17.4,64.317,101.391246171605,9.310344827586206,84.48154381633302,62.74000000000001,682.3728676064538,35.040000000000006,38.8,62.5714,48.869180768047826,0.57708,2.3,23.979138339920947,-0.3980851948261262,20.16032730636365
Georgia,10.24,5.0600000000000005,73.487,108.0336425781248,17.962543943751978,94.62199739173954,99.97999999999999,5052.115486245547,71.82,34.9,59.458600000000004,4.615392540549761,11.876339999999999,7.3,40.61591595913081,0.6648708939552306,13.358098253273877
Germany,0.13333333333333333,2.5,80.92502439024392,101.06369934082039,32.528745324093954,99.999999621176,100.0,43704.69870516892,89.58,32.03333333333333,77.4666,11.083478986645895,684.81614,38.660000000000004,32.683423910570085,1.8380263566970818,0.4675819104683857
Ghana,16.28666666666667,6.5600000000000005,64.48679999999999,72.74642333984376,13.59999999999998,86.29760515723459,84.14000000000001,1996.4917386603024,53.11999999999999,32.2,57.3432,34.808931372430465,22.2562,7.74,35.09680307099148,-0.11333243101835241,4.503144108957224
Greece,0.72,2.5,81.11707317073173,105.00602874755842,20.73333333333336,99.99999879709165,100.0,19060.225970022413,77.53999999999999,33.18,79.7112,5.769385192539495,57.940999999999995,11.0,30.2699767261443,0.04201006442308428,0.293052000774093
Grenada,0.8,9.928,74.924,90.18518585120371,43.58333333333336,86.6064635516698,93.32000000000001,9226.133762911099,67.6,43.8,36.553399999999996,29.387761385559344,0.1346,0.2,52.05882352941177,0.40902632474899275,5.347143695029142
Guatemala,2.1919999999999997,13.52,70.434,50.61211013793944,18.03164556962026,93.8772332341829,96.64000000000001,4167.790033257268,47.92,34.262,51.848,58.7514276905973,19.25938,10.1,32.92086599477417,-1.054849457740783,15.64173317079992
Guinea,11.7,10.979999999999999,59.5154,37.25038471960647,22.75828460038985,68.93394862116766,45.279999999999994,946.609968508973,23.360000000000003,29.6,36.8894,55.741553726776445,3.55516,25.339999999999996,25.18720494872212,-0.9881031990051282,1.2478090090235743
Guinea-Bissau,38.5,31.0,62.0828,51.57563367357811,13.7254901960784,61.514543966734436,33.18,715.7656693046822,21.02,34.099999999999994,44.1982,52.83589171580318,0.33111999999999997,12.599999999999998,70.41287339971551,-1.385212087631224,9.891058833625126
Guyana,0.8699999999999999,2.68,67.9716,85.37932205200195,34.11626055104316,95.25094479675627,92.14000000000001,9889.49552942015,63.4,37.435,26.8,24.170579641741828,3.0592,5.22,93.55010861061722,-0.20974567532539382,6.585814484198545
Haiti,39.660000000000004,45.78,63.7478,58.54714179761353,2.54237288135593,66.67918036075568,46.52,1342.582486124784,35.9,43.480000000000004,57.0684,75.94055814571152,3.48308,2.2,12.601596516690856,-1.376095342636108,18.99146034863223
Honduras,19.3,16.46,71.4392,57.41306686401367,23.59375,95.00894877422208,92.85999999999999,2394.63468285958,45.8,48.55,58.3534,34.88437856740427,9.636379999999999,10.959999999999999,56.83492716060416,-0.9229122400283817,23.616406633591325
Hungary,0.74,2.5,75.54780487804878,102.18158111572282,12.86432160804022,99.99999958288464,100.0,15356.661925507195,83.8,29.74,71.94680000000001,10.375667951959542,49.70834000000001,22.6,22.496286653517423,0.012724728882312719,2.4889976595584953
Iceland,0.3,2.5,82.87463414634148,112.98335266113281,41.9047619047619,99.99999969209537,100.0,56006.018330497514,99.5,26.6,93.90040000000002,0.3837526520474721,3.1988999999999996,2.74,0.5092531984528414,1.694145035743712,0.7183998927804712
India,5.3,12.540000000000001,70.0594,78.14800549122265,13.99059935350734,92.14125023127369,97.38000000000001,1937.8820378873256,37.225,25.5,34.93860000000001,21.079487494617346,2544.68122,3.8600000000000003,24.270228273336045,-0.29306604266166697,3.021613881318742
Indonesia,9.92,6.480000000000001,69.52459999999999,97.06549824702208,20.10341614906834,92.5801786824473,98.72,3833.4549726126907,53.98,35.6,56.63499999999999,10.07464606720867,621.00936,5.3,48.91736589876262,-0.42264984250068666,0.9629078044606543
"Iran, Islamic Rep.",3.72,6.88,75.6336,87.0725479125977,5.709584533113942,97.44610776963556,100.0,5226.1066383711095,75.2,36.0,75.863,0.18571808626373554,713.9050799999999,7.7,6.627280949152542,-1.081989419460297,0.0
Iraq,1.3686666666666665,16.080000000000002,70.95060000000001,90.76145514626693,26.93009118541034,97.95901984571795,99.97999999999999,4491.330920894929,55.120000000000005,31.155333333333335,70.9034,0.09320339253365288,181.57706,1.5,1.9003611837983272,-1.332905650138854,0.366551180568941
Ireland,0.13999999999999999,2.5,82.42536585365855,139.3253753662108,22.485759493670876,95.99986857234023,100.0,84573.53728261121,91.8,29.880000000000003,63.66460000000001,5.831951668744088,35.24118,4.0,11.351720133546232,1.564536666870118,0.0991655333917796
Israel,0.7749999999999999,2.5,82.69121951219513,96.52106170654297,25.99999999999998,99.99999894631462,100.0,39878.749054473636,88.56000000000002,38.15,92.58860000000001,0.6042207399762174,62.90154,10.120000000000001,6.469500924214418,0.734950602054596,0.25057670900835
Italy,1.04,2.5,82.87707317073173,101.65861053466799,35.02142857142856,99.9170340740928,100.0,31925.845193250767,74.56000000000002,34.7,71.0432,10.15110363067053,327.20274,13.940000000000001,32.34884695672271,0.4007914096117018,0.4980859552571156
Jamaica,0.8999999999999999,6.959999999999999,71.03119999999998,86.1785217285156,24.126984126984162,91.0085082996563,99.36,5092.938836616722,76.03999999999999,37.599999999999994,56.326,7.082088253527248,7.159280000000001,1.44,55.11439335180055,-0.09334838204085827,20.22991395523514
Japan,1.1333333333333335,2.98,84.31385365853659,102.48667297363258,9.939747868001472,99.09208702491283,100.0,35760.95499079595,87.88,32.733333333333334,91.7836,3.998982134837749,1097.1569599999998,12.080000000000002,68.40877914951989,1.4717980861663817,0.1002142781090759
Jordan,1.9920000000000002,14.959999999999997,76.0462,90.11151275634764,13.230769230769221,98.95765634348686,99.92,3887.768692091739,78.04,32.762,91.4106,1.1710558761881396,23.01832,3.6799999999999997,1.0980817962575817,0.06865706257522108,10.52493815749938
Kazakhstan,0.05,2.5,72.37119999999999,97.85699462868521,27.15394110386178,95.43157274651246,100.0,10831.334367431715,85.98,28.425,57.69,0.07381314622664054,231.12869999999998,8.3,1.279653242952921,-0.3204094886779786,0.24249235423715781
Kenya,45.4,27.52,62.4268,69.92927549155911,22.07438343511604,61.52788852955689,70.97999999999999,1659.6323976939202,21.1,37.45,28.0054,62.23753566889282,20.1226,10.459999999999999,6.344818498084829,-0.8077281355857849,3.1698649103543497
Kiribati,6.1,3.6,65.45899999999999,86.9662170410156,7.053140096618359,74.35707344071322,91.0,1851.596715648054,36.3,27.8,55.5758,38.392447439726155,0.0866,11.8,1.45679012345679,0.34054845571517944,7.9303617106320345
"Korea, Rep.",0.15000000000000002,2.5,83.09756097560977,98.16002655029298,18.06214689265538,99.84539661481222,100.0,32108.965176163114,96.69999999999999,33.125,81.4288,2.360130988968317,630.9549999999999,5.42,64.42658588738418,0.6915191531181336,0.4383308639797664
Kuwait,0.30400000000000005,2.5,80.03229756097562,97.49563613806896,4.365995115995117,100.0,100.0,26322.150097614904,99.52,31.224,100.0,22.199264613077148,102.19446,10.76,0.3507295173961841,-0.0992423191666604,0.12286137996149378
Kyrgyz Republic,6.0600000000000005,5.2,71.74975609756099,93.65599089929509,19.152832674571837,90.30995381108902,99.84,1163.0019324264022,71.72,28.32,36.88100000000001,0.03680847858863261,10.36416,6.7,6.858081334723671,-1.085516977310181,30.44791052720127
Lao PDR,15.7,6.12,68.0732,62.0651067449607,25.290554918971978,84.88153103331588,98.12,2538.064126372469,52.4,38.8,36.294,28.439348559589483,21.40746,17.9,71.90424610051994,-1.0356562018394464,1.368702063235943
Latvia,0.45999999999999996,2.5,74.5229268292683,106.658596801758,30.0,98.79003136982453,100.0,15564.866089755044,88.16,34.660000000000004,68.328,37.922048108662025,7.453619999999999,17.5,54.81047183875804,0.5770453453063964,3.457743325971319
Lebanon,4.339,8.3,76.8846,82.86594886695079,5.0,92.5468535773545,99.94,6955.211306391046,82.0,37.843333333333334,88.92620000000001,2.4429887613702412,22.00862,0.9199999999999999,14.010752688172042,-1.171473932266236,21.181299286203572
Lesotho,33.34,21.592,55.2082,43.00764753649746,23.715485706543802,73.2476663204655,47.9,995.4025560436419,43.68,35.7,29.037799999999997,49.78739688109188,0.7691600000000001,0.42000000000000004,1.137022397891963,-0.22293672263622283,21.743705499490243
Liberia,52.6,37.18,61.319599999999994,37.8051300048828,11.78082191780822,74.64407048583345,27.02,633.5066933630263,19.5,40.379999999999995,52.09860000000001,64.06852924328909,1.53442,1.2,79.08471760797343,-0.9114435076713562,13.35579774032308
Libya,1.971,10.6,73.0008,82.19609413062267,16.0600750938673,99.8915237987819,69.02000000000001,7926.744452493747,88.26666666666665,37.766,80.69640000000001,3.5080309209098415,54.81701999999999,0.24,0.12332768791843321,-1.5599991083145137,0.0
Liechtenstein,0.252,3.3599999999999994,83.47707317073173,117.54378509521476,18.4,100.0,100.0,17231.606908924994,94.875,28.6,14.4268,14.07774327947312,65.042316,36.38,41.875,1.8439057350158699,2.213530472034197
Lithuania,0.64,2.5,75.33463414634147,105.6612579345702,25.10638297872342,98.01414596002354,100.0,17786.900458662298,83.8,36.059999999999995,68.05879999999999,20.767353308679546,14.008020000000002,17.8,35.152091075577964,0.696490913629532,1.6990757969172647
Luxembourg,0.12,2.5,82.52439024390245,107.06622009277321,28.666666666666664,99.87978041425376,100.0,107599.57642921522,97.91999999999999,33.959999999999994,91.44200000000001,9.84574936756607,8.5243,50.080000000000005,34.45382721036644,1.973747086524962,2.934808515491609
Madagascar,74.85,37.36,63.057,35.01937718916787,17.88079470198676,51.93693266877832,34.14,443.9294806301365,12.166,42.32000000000001,38.535,86.02536075287311,3.7114199999999995,2.78,21.36440550017188,-1.001450157165528,3.071060878715964
Malawi,75.4,18.839999999999996,65.09880000000001,36.778345108032255,21.6666666666667,70.26734897503562,13.780000000000001,562.6893706794957,13.66,38.5,17.442600000000002,68.08710909962261,5.70642,22.9,23.77704709376326,-0.5745921313762663,2.208758020794403
Malaysia,0.0,2.5,75.41040000000001,80.73101598765905,14.324030013821641,97.10738420066994,100.0,10649.424216435913,89.84,40.95,77.1426,1.17106296701603,259.2437,8.62,58.17695936691523,0.23131379485130302,0.4284349582732438
Maldives,0.0,10.728,79.333,73.24109648439207,4.854631507775526,99.53786867879592,100.0,9996.727996301994,78.67999999999999,29.3,40.67059999999999,24.170579641741828,2.50554,0.1,2.733333333333333,-0.397597187757492,0.0913196720224222
Mali,32.75,6.12,59.219800000000006,38.9281616210938,20.42053184910328,80.73630474332536,51.160000000000004,884.7240438310662,28.78,35.85,43.903,83.8845737159655,6.319,7.779999999999999,10.89666363435203,-0.789704728126526,4.890071949691171
Malta,0.22000000000000003,2.5,82.34243902439025,103.57234954833982,16.31588890988098,99.99999982445446,100.0,30073.40493684913,86.67999999999999,31.459999999999997,94.7438,2.129047392608063,1.64946,7.360000000000001,1.4375,0.3262538254261016,0.08527275731084491
Marshall Islands,2.1,11.888,65.89000000000001,114.46031761169425,6.666666666666666,85.49839123836787,98.03999999999999,5159.977593983476,55.779999999999994,35.5,77.78479999999999,23.21222846647148,0.0,0.3,52.22222222222223,0.3975188136100766,13.792746495557235
Mauritania,10.2,7.780000000000001,67.3792,36.24328358968096,20.2614379084967,74.30007043986345,46.120000000000005,1571.68221369001,27.96,32.0,55.312400000000004,50.69588882507871,4.4261,1.1,0.303493858542738,-0.8254404067993161,0.9905229977529025
Mauritius,1.218,6.76,74.00482926829268,91.35154469807942,18.318840579710137,99.97709233204071,99.78,10240.742973724087,67.02000000000001,35.531,40.7808,11.686484677160015,4.03842,0.0,19.414121181772657,0.3400953263044356,2.1712580072916947
Mexico,3.5,3.3200000000000003,72.60060000000001,102.14794311523447,48.92,99.29840703335731,99.7,9886.476242349454,70.4,44.699999999999996,80.72940000000001,4.802751993268712,461.59196000000003,18.919999999999998,33.79309196224183,-0.9641938924789433,3.651651297454895
"Micronesia, Fed. Sts.",8.656,15.764000000000001,66.226,80.40666587738399,2.857142857142856,90.1142911078532,81.84,2972.5376331440066,38.0,34.726,22.9466,24.476486881147853,0.0,0.0,92.02857142857144,0.6609205842018129,5.941316490237298
Moldova,0.05,2.5,70.1736,96.38780575176968,30.6930693069307,91.13868452095241,100.0,3439.142497948459,63.5,25.825000000000003,42.87499999999999,16.322414878485876,9.182820000000001,7.08,11.74660425908893,-0.5615505576133728,15.67793270777806
Monaco,0.277,9.676000000000002,85.8366,101.9981294242017,33.3333333333333,100.0,100.0,185699.84530510165,95.025,33.29,100.0,25.27442943558563,35.543372,99.34,0.0,1.475258421897888,0.7091723902307784
Mongolia,1.05,4.24,71.3550243902439,94.74324675937598,17.196491228070137,82.1276656226502,99.3,4171.425745095138,64.9,32.05,68.672,1.46169526380362,24.306620000000002,18.96,9.100243390340207,-0.5029138863086702,3.3649218661840274
Montenegro,2.7750000000000004,2.5,76.10243902439024,92.19345703124998,25.1851851851852,98.7537764602236,99.94,7309.762943425875,78.6,35.55,67.4882,14.240795616647892,37.458152000000005,7.659999999999999,61.48698884758365,-0.050307349674403735,12.134320976140678
Morocco,3.2660000000000005,5.26,73.974,81.79121856689451,21.6708860759494,85.75935349714295,99.53999999999999,3279.0074218750024,82.2,33.971000000000004,63.528,5.85695269002897,69.60526,8.559999999999999,12.86690817835537,-0.3679490387439728,6.630687793702256
Mozambique,82.2,29.119999999999997,61.352999999999994,35.01972641404841,41.60000000000001,59.48515243569326,31.220000000000006,602.8743716679104,14.580000000000002,50.3,37.080999999999996,67.59822687832369,8.79564,16.16,46.720151148299806,-0.827349090576172,1.4439949716787324
Myanmar,35.532000000000004,4.18,66.272,75.6469802856445,13.39939362966125,80.28798730663063,70.17999999999999,1283.1269397028302,45.160000000000004,40.704,31.1582,48.518967593268506,33.35974,4.02,43.73321468153718,-0.8273996233940123,2.936047637305903
Namibia,2.192,20.06,63.0472,74.26729742231718,44.11858974358974,85.22335360472934,53.85999999999999,4029.2852894434254,54.38000000000001,34.262,52.0136,22.499784283991875,4.10736,23.2,8.063865709531271,0.2646566420793534,0.551686075806613
Nauru,1.971,12.704000000000002,61.48380000000001,84.71018981933594,10.5263157894737,97.003356247305,99.97999999999999,7858.276506398576,78.19999999999999,37.766,100.0,22.06541016600379,0.0,0.0,0.0,0.5694937586784363,2.2506683660750206
Nepal,2.4,5.4399999999999995,69.18260000000001,82.83608647567095,32.799999999999976,90.66561461086695,90.98,1061.3825082672927,40.0,30.0,20.5856,67.98602379069732,15.72348,23.6,41.59072200906871,-0.6136858701705933,23.53858481446835
Netherlands,0.07500000000000001,2.5,81.64146341463416,128.0636657714844,36.13333333333331,99.99999948736625,100.0,49272.40269805231,92.22,27.25,92.21199999999999,7.302296737466003,148.41136,24.479999999999997,10.974194238194238,1.9356367826461782,0.38320231172985453
New Zealand,0.20966666666666667,2.5,82.0370731707317,116.3881896972654,45.4173669467787,99.99999924612216,100.0,40922.8800386683,93.28,30.932666666666666,86.705,5.447814070528302,35.654379999999996,30.6,37.56307948805589,2.143251848220824,0.23111130055128076
Nicaragua,16.306666666666665,18.580000000000002,72.67,68.22925880805543,47.93358815097944,81.61402663880503,85.94,2076.2988859892075,42.019999999999996,34.76,59.02539999999999,38.98047299522126,5.15952,12.2,28.315855077281036,-1.1558773756027239,15.036133724921239
Niger,59.75,12.1,59.9252,35.261184653380056,20.53688437962376,47.808565859215456,18.580000000000002,534.9976978934095,18.6,35.099999999999994,16.642599999999998,76.07064807383192,2.52968,17.84,0.8523723059919476,-0.5978080511093137,3.112774735902801
Nigeria,34.2,15.1,53.2568,45.0985425313314,4.676056338028168,76.36259533502275,57.46,2394.489821892069,32.5,35.1,51.9452,44.13763894638701,127.57552000000001,11.6,23.745786532274888,-1.109302043914796,4.679834519066434
North Macedonia,4.1,2.92,75.06351219512194,84.78798828125,40.00000000000002,97.7721145664237,99.96000000000001,5943.850990760692,81.78,33.25,58.5114,8.357493138986166,7.9710399999999995,11.44,39.7101506740682,-0.4086497068405152,3.2760180183265475
Norway,0.26,2.5,82.92,119.267398071289,42.72189349112426,99.9999988491425,100.0,77161.20312727,97.42,27.939999999999998,82.965,7.27138136751347,45.374100000000006,9.219999999999999,33.406048545396075,2.065156507492064,0.13927968594806037
Oman,0.5279999999999999,5.84,78.29060000000001,97.42868804931652,2.09575923392613,92.06581577352044,100.0,18237.386869402275,92.28,33.132000000000005,86.21039999999999,27.259804554357583,86.58574,1.2,0.00804161550888526,0.19092579707503327,0.0437027453553366
Pakistan,16.5,15.8,66.4202,40.39502172346955,20.25758433228718,90.33576042468091,94.34,1579.765869450965,19.380000000000003,29.6,37.181799999999996,28.69772898748451,215.83022,9.8,4.833307388958074,-0.8308238506317138,7.720530881619448
Palau,1.736,10.196000000000002,68.829,111.28601048461184,8.75,99.55786706967282,100.0,13772.901846432685,56.73966666666668,42.95733333333334,80.9654,26.669600680044937,1.30046,96.58,90.0217391304348,0.5694937586784363,0.8166711268633383
Panama,3.2999999999999994,4.960000000000001,77.8876,82.8732284547998,21.40845070422534,94.34636020072996,94.66,14819.12719101744,70.02,49.96666666666667,68.4196,6.9704126948918965,11.09692,16.220000000000002,56.80559288217849,-0.6129658460617063,0.7679683077810037
Papua New Guinea,21.726666666666667,27.379999999999995,65.0304,44.4107818603516,0.347826086956522,48.12710068961458,20.119999999999997,2475.047744327755,22.825,39.96999999999999,13.360399999999998,43.27617211421638,6.24542,0.7,79.17625756304376,-0.7867588520050054,0.04028194307574482
Paraguay,2.7,3.5200000000000005,72.08840000000001,81.73570299863786,16.0,99.58027342677524,99.8,6240.655892818421,72.16,44.58,62.1922,41.79875403984914,8.45894,14.3,40.554673208953986,-0.9478824257850647,1.5956252425690902
Peru,6.36,6.7,74.911,98.22641754150393,32.76923076923078,93.60419921069648,95.76,6453.319919053656,65.24,41.6,78.3022,13.964321013910057,54.25896,14.040000000000001,56.5081006875,-0.6187826514244082,1.4895587147492293
Philippines,8.2,5.859999999999999,69.137,87.92959284664231,28.13296469049998,94.05040331362952,95.64,3422.8324661369284,56.6,41.5,47.425,17.997434665137387,144.24699999999999,3.34,24.109031760405138,-0.5528965473175049,9.488349362919866
Poland,0.2,2.5,76.8829268292683,110.37667541503879,28.4036184522118,91.23863834359103,100.0,15706.977169259615,82.67999999999999,28.98,60.06940000000001,11.131789653029182,315.9342,38.04,30.978052442464,0.5810515999794006,1.1982074035424697
Portugal,0.34,2.5,81.46780487804878,119.330894470215,38.08695652173912,99.23320675655313,100.0,21027.248635703872,79.02000000000001,34.379999999999995,66.303,15.942660175016153,43.5072,17.04,36.15499489114202,0.7487747907638552,0.45089742273748135
Qatar,0.52,9.676000000000002,81.80159999999998,103.8143402099611,7.6314363143631425,99.97667966280585,100.0,63083.00402977847,99.7,32.007999999999996,99.2308,0.0184967066935614,116.91108,5.36,0.0,0.7698761224746703,0.3896822887738781
Romania,2.54,2.5,74.63658536585368,85.7225128173828,20.413926499032897,99.99999908601966,99.96000000000001,11339.530425486106,78.4,34.279999999999994,54.2188,12.78455215135852,79.24708000000001,24.380000000000003,30.115829276773304,-0.12145262286067002,3.054668774313545
Russian Federation,0.2,2.5,71.90614634146343,95.94288787841789,15.95555555555556,96.88092377554692,99.94000000000001,9907.903515625,85.42,34.95,74.76679999999999,1.3055842701895115,1912.6252,8.2,49.78433607887222,-0.9046054959297184,0.5019218593110344
Rwanda,41.37,33.6,66.8752,43.39859485626219,61.25,63.36004872145264,45.82,872.6588254981394,23.999999999999996,37.46,17.449,88.98987718478574,1.54326,9.1,11.187677340899878,0.5438672304153445,3.0133467773475284
Samoa,2.1919999999999997,4.82,70.9388,74.26729742231718,10.161220043572992,97.30832464909479,99.12,4145.3005715089985,51.17999999999999,34.262,17.909200000000002,30.182696093906266,0.41044,0.26,58.15467625899281,0.6309292435646058,24.06807650328833
San Marino,0.2946666666666667,9.676000000000002,84.44980000000001,61.17597579956055,30.33333333333332,100.0,100.0,44992.49131223336,78.175,30.859,97.48899999999999,28.000923101175438,156.87505600000003,20.248,16.66666666666666,1.234108567237854,1.1352269545604237
Sao Tome and Principe,35.260000000000005,16.2,68.1774,83.14834091471744,18.18181818181814,77.29599601082653,75.88,1419.3730180727641,51.4,42.65,74.3166,61.825618471297425,0.174,0.2,54.0625,0.1887153699994088,2.60973286506031
Saudi Arabia,0.352,3.8200000000000003,77.8116,107.4331176757812,19.8675496688742,98.65680839700846,99.97999999999999,24751.288768254984,97.38,31.167999999999996,84.28659999999999,0.003380506270451759,584.24222,4.5,0.4544841349217794,0.2919131755828858,0.03357815857552612
Senegal,18.5,5.2,67.4398,46.51345920562745,42.78787878787876,83.88176743008758,67.32000000000001,1388.8469994169568,49.7,37.25,48.130599999999994,37.567834586960444,11.43178,14.959999999999999,41.90598867708929,-0.005821414617821561,10.729962988032558
Serbia,2.52,2.5,74.86439024390245,94.09555358886719,37.32128874221754,95.21914372590416,99.96000000000001,7113.776501452978,78.78,34.08,56.4644,9.180960307490427,38.376096000000004,7.5,31.87859949521596,-0.442789888381958,7.740404383330974
Seychelles,0.7,2.54,74.24487804878049,98.22445373535163,22.47619047619048,96.34357719853912,100.0,17606.582029489997,80.97999999999999,32.1,57.544799999999995,33.3094053029556,1.1092999999999997,22.839999999999996,73.26086956521739,1.3447552680969248,0.8881708940000728
Sierra Leone,41.5,28.1,59.97619999999999,57.874799728393526,12.3287671232877,63.06666550912922,26.4,1039.148712722976,17.020000000000003,35.7,42.93300000000001,49.78739688109188,1.04466,4.02,35.11886949293433,-0.47880609631538384,2.631830242464495
Singapore,0.52,9.676000000000002,83.2848780487805,103.968408203125,26.88151802209032,100.0,100.0,63547.12942227999,92.4,32.007999999999996,100.0,1.877538270222119,55.09072,2.5,21.722350448714995,2.121443271636962,0.0
Slovak Republic,0.4,3.1199999999999997,76.67560975609756,91.44275970458983,21.33333333333334,99.78758324407329,100.0,18330.507242963384,86.24000000000001,24.119999999999997,53.7888,11.168007924827984,35.35596,37.6,40.05615640599002,0.2514723539352418,2.272519226239498
Slovenia,0.0,2.5,81.07951219512195,110.2677185058596,29.333333333333336,99.5,100.0,23997.027532645374,85.47999999999999,24.32,55.1318,10.988401054006982,14.074180000000002,45.64,61.47220357164141,0.7924140095710758,1.291270807587773
Solomon Islands,16.28666666666667,18.919999999999998,69.66879999999999,68.22925880805543,5.701085540599218,67.2271742365714,72.08,1980.315289374655,32.86,32.2,24.668200000000002,43.0041633728877,0.37385999999999997,0.13999999999999999,90.13826366559485,-0.07320099547505374,2.6254996517581084
Somalia,74.85,52.38000000000001,55.749,5.46022449075409,23.43251493032518,56.214225549913635,49.60000000000001,475.7429418155751,21.3,42.32000000000001,46.1442,71.7725358745325,0.88092,0.0,9.532311027512993,-1.7574955224990858,18.49011996602429
South Africa,3.8880000000000003,6.92,64.8822,109.97028656005841,45.785595427392565,93.75622279564512,87.1,5851.948219578318,70.94,38.538,67.34939999999999,3.172735060619015,441.80039999999997,11.940000000000001,14.05509071874304,-0.11836356818676,0.22649038668262586
South Sudan,61.52,19.500000000000004,56.3864,43.205813129630926,30.02117256112038,41.00526878024564,7.3,596.0843642086162,6.923333333333333,38.98,20.214599999999997,24.97439345882342,2.6995519999999997,15.5,11.32562150871141,-1.8344655275344859,2.4176226088657717
Spain,0.9,2.5,83.16146341463416,118.690623474121,42.710274252967636,99.92560862997053,100.0,27238.60217711745,91.67999999999999,34.28,80.81120000000001,6.629281020834876,244.93166000000002,17.32,37.171443644724995,0.6783657789230346,0.25306080230417877
Sri Lanka,2.7,3.9799999999999995,76.73780000000001,92.20931626614167,5.441355256601892,88.69766812713168,99.88,4313.433735230386,37.86,37.7,18.732,36.50591699512994,22.1628,3.4,34.15716153833017,-0.3454178690910338,6.978649411561996
St. Kitts and Nevis,0.388,9.676000000000002,70.7282,121.108016967773,21.58333333333332,86.78287299169718,100.0,20581.67129207187,71.66000000000001,29.715999999999998,30.863,29.074411554491917,0.11198000000000001,3.66,42.30769230769231,0.3789433300495146,3.5883202633347357
St. Lucia,1.218,10.564,71.8002,88.85976982116699,14.44444444444446,96.88788837788925,100.0,10257.830624519702,62.35999999999999,35.531,18.852600000000002,23.444241836491287,0.2627,0.9,34.04918032786885,0.5589831471443175,2.787964243742769
St. Vincent and the Grenadines,2.6310000000000002,5.640000000000001,70.3878,127.93134080928425,16.12648221343876,97.7283058549559,100.0,8233.344872318325,63.620000000000005,41.398,53.0342,23.40917050570175,0.09351999999999999,0.5,73.17948717948717,0.7667747735977172,7.616989145700866
Sudan,27.82,11.040000000000001,65.3166,48.3620414733887,30.5164319248826,62.72378673536616,59.52,1070.4272705078138,25.633333333333336,34.39,35.275999999999996,62.658126533710174,22.62486,2.8,9.828452890792292,-1.3940311670303358,2.186766857036854
Suriname,2.2,9.540000000000001,71.5518,71.67462158203124,29.019607843137283,97.72173042568264,98.30000000000001,7722.458917166738,68.22,39.2,66.16600000000001,2.4553583708287112,2.5123599999999997,8.5,94.67643858132334,-0.3889037013053894,3.556235094268486
Sweden,0.74,2.5,82.8278048780488,138.3967193603516,46.76217765042978,99.72585261073252,100.0,53314.53415516367,93.58,29.919999999999998,87.9692,28.426808984825236,38.4903,14.919999999999998,68.69863248898896,2.0912240505218476,0.5956893749484825
Switzerland,0.025,2.5,83.6029268292683,103.8936599731446,39.9,99.99999926559951,100.0,87556.69967092044,94.25999999999999,33.65,73.9298,12.162736272081677,36.95196,11.18,32.1215359394659,1.98564999103546,0.3726082163224433
Syrian Arab Republic,16.5,28.8,71.0986,38.212483723958336,12.0,93.94944516181003,88.4,750.2700837013927,34.25,26.6,55.4702,0.07390569762555226,26.38884,0.7,2.838349813860005,-1.7332977533340461,0.0
Tajikistan,32.312,9.62,70.292,88.24422442156369,22.53968253968252,81.58262099366064,99.55999999999999,1198.9747385164342,43.46666666666667,39.254,27.5286,41.47016870354578,9.038499999999999,22.3,3.053534116290799,-1.3816249132156382,33.11181452805938
Tanzania,51.3,23.699999999999996,66.25520000000002,29.389405167433452,36.90105033718545,57.9675750786192,40.2,1048.388818359376,18.2,40.5,35.2278,78.18208911981114,17.40388,31.04,51.64258297584104,-0.41035366654396077,0.7295043063934762
Thailand,0.06000000000000001,6.18,76.923,106.54132287471342,13.744763329841911,99.90008717993827,99.92,6236.8471891592535,74.92,35.1,51.4246,17.660150984270167,275.3649,12.979999999999999,38.89878447415295,-0.4690697968006132,1.6426905038640203
Timor-Leste,19.279999999999998,15.040000000000001,66.63719999999999,84.54346705424273,37.84615384615386,83.94577877438428,94.3,1657.7381140876569,31.419999999999998,34.57000000000001,31.322799999999994,36.722414326851144,0.6725399999999999,5.04,61.94351042367182,-0.31649938523769394,4.8581266622758665
Togo,35.0,16.22,61.279399999999995,64.290901184082,18.02197802197804,68.87259187300711,53.9,821.4053839100449,26.2,40.2,42.80579999999999,81.35632699323497,2.23538,21.98,22.233314947600658,-0.7107884407043457,7.644732867417813
Tonga,0.4,12.760000000000002,72.321,95.96001925336404,5.185185185185185,98.7375846019326,99.46000000000001,4620.511767340204,57.599999999999994,27.1,23.1132,23.267413292332737,0.19054,0.38000000000000006,12.43055555555556,-0.3189938724040986,38.865454637048984
Trinidad and Tobago,0.45599999999999996,10.540000000000001,72.5162,99.53532455359634,28.09523809523812,98.8751707692306,100.0,16285.667334740992,78.8,33.135999999999996,53.237999999999985,0.08146996501711312,30.42566,2.0,44.48148148148148,-0.2951351553201672,0.7604175616329015
Tunisia,0.7,3.06,74.9832,82.16717794599883,26.267281105990783,96.53954115418806,99.92,3983.672733169341,67.67999999999999,33.7,69.57379999999999,9.708585070019137,30.122519999999998,5.2,4.523236354273945,-0.1863085791468618,5.2328141162553
Turkmenistan,4.339,3.78,69.35780000000001,90.51041221618651,25.13241379310344,99.82760086351281,99.97999999999999,6988.793210327729,55.23166666666666,37.843333333333334,52.5298,0.03326770683591786,65.77036000000001,3.2,8.782159044964144,-1.417636990547178,0.0
Tuvalu,2.1919999999999997,5.811999999999999,66.2026,84.04987640380861,6.333333333333334,99.21822868257291,99.56,4249.644063600732,60.2,34.262,63.9856,35.75071746555155,0.0,0.0,33.33333333333333,0.44754521995782853,4.668297153790232
Uganda,59.8,37.3,66.53280000000001,36.73741427166719,34.32822317193194,55.97121341049369,43.519999999999996,917.1089985444278,9.5,42.7,24.960199999999997,89.21874681378155,6.99674,16.1,11.659180530620384,-1.07626714706421,3.302329030853982
Ukraine,0.13333333333333333,4.42,73.0122,84.84249496459962,18.9501092823052,93.53146683153855,100.0,2266.425610351564,73.91999999999999,26.100000000000005,69.6218,4.626567561452255,191.44858,7.32,16.724197445633415,-0.7951646685600281,10.120091495997434
United Arab Emirates,0.0,3.22,81.31020000000001,82.91276931762695,44.5,100.0,100.0,42124.56343493583,99.53999999999999,26.4,87.0402,0.050129579821810974,197.68266,15.540000000000001,4.467755561813574,1.115811324119568,0.6738257513401772
United Kingdom,0.5,2.5,80.92310243902439,115.7975250244142,33.36543209876544,99.99999877359123,100.0,46051.50987436437,94.1,32.875,83.90060000000001,8.587110445229388,343.30476,35.58,13.186100690282313,1.695289015769956,0.1317181031859548
United States,0.8400000000000001,2.5,77.63414634146342,99.70296173095703,26.15088817575876,99.81833877285416,100.0,61506.94857141797,90.34,41.019999999999996,82.66720000000001,4.754040918808078,4818.5846,21.660000000000004,33.86692641203749,1.1268717288970957,0.031346117687586286
Uruguay,0.18,2.5,77.0626,119.19676818847638,22.020202020202024,99.4947632534833,99.94,17491.021424429928,85.42,40.2,95.5132,41.41601166781806,7.626220000000001,2.38,11.604388069934867,1.392836594581604,0.1893215399127168
Uzbekistan,4.4,2.5,71.8762,90.83919184289591,25.997278911564614,95.94327424043536,99.97999999999999,3327.2047615080505,71.43999999999998,32.05,50.444,0.0059273327011793,128.53694000000002,4.84,8.373796880859981,-0.9581243395805361,13.107560129438719
Vanuatu,19.5,7.859999999999999,70.6096,62.5381732937432,0.384615384615384,90.48950748799447,67.0,2825.0613199601803,40.86,32.3,25.5348,36.484017112654385,0.25742000000000004,0.1,36.28383921246924,-0.14116822443902494,16.468119339246964
"Venezuela, RB",2.7990000000000004,21.380000000000003,72.3756,110.8610968017578,22.1556886227545,93.68580070934522,99.92,24170.986866912725,84.739,37.193999999999996,88.28599999999999,0.9236035595942493,96.32344,38.160000000000004,52.409908735332465,-1.5780360460281362,1.4797693557362053
Viet Nam,1.7,5.7,74.4682,94.1790512069087,28.136597080801323,96.61983819145063,99.84,3313.681945211786,72.32000000000001,36.199999999999996,37.340999999999994,9.630886306974162,328.1752,2.9,46.71900175159286,-0.4055998146533966,3.2594507213095576
West Bank and Gaza,3.596,10.536,75.34819999999999,89.18120422363282,26.629930324356174,97.87439492489023,100.0,3174.028802252782,76.35999999999999,36.04600000000001,76.7234,21.407785450777997,37.97308,8.4,1.6840359245116556,-0.523993757367134,19.407120557978477
"Yemen, Rep.",39.410000000000004,38.339999999999996,66.5776,44.91539882722954,0.1328903654485048,60.49761931703364,71.92,983.9819580269593,13.8,36.870000000000005,37.9114,4.656710773251934,11.77234,0.6,1.03983180862549,-1.6861575365066521,17.45142998244358
Zambia,71.7,32.88,63.21099999999999,74.02201112034311,16.563018541230782,67.36685250783844,44.46,1283.824611131543,24.4,51.5,44.635000000000005,74.67124173579998,7.626340000000001,40.61999999999999,60.283335638090364,-0.6691203832626342,0.6982750509257708
Zimbabwe,49.2,38.92,61.1982,58.54714179761353,31.520614954577262,62.769447161588275,48.78,1347.6908149819424,31.18,50.3,32.2718,46.3630590532204,10.81952,27.2,45.093912369135325,-1.276523613929748,7.0730305884222275
